{
  "comment_content": {
    "precision": 1.0,
    "recall": 1.0,
    "f1-score": 1.0,
    "support": 109,
    "confused_with": {}
  },
  "majors_code": {
    "precision": 1.0,
    "recall": 1.0,
    "f1-score": 1.0,
    "support": 72,
    "confused_with": {}
  },
  "student_name": {
    "precision": 1.0,
    "recall": 0.9986486486486487,
    "f1-score": 0.9993238674780256,
    "support": 740,
    "confused_with": {}
  },
  "student_code": {
    "precision": 1.0,
    "recall": 1.0,
    "f1-score": 1.0,
    "support": 332,
    "confused_with": {}
  },
  "micro avg": {
    "precision": 1.0,
    "recall": 0.9992019154030327,
    "f1-score": 0.9996007984031936,
    "support": 1253
  },
  "macro avg": {
    "precision": 1.0,
    "recall": 0.9996621621621622,
    "f1-score": 0.9998309668695065,
    "support": 1253
  },
  "weighted avg": {
    "precision": 1.0,
    "recall": 0.9992019154030327,
    "f1-score": 0.9996006878960406,
    "support": 1253
  },
  "accuracy": 0.99997583081571
}