{
  "student_name": {
    "precision": 1.0,
    "recall": 1.0,
    "f1-score": 1.0,
    "support": 740,
    "confused_with": {}
  },
  "student_code": {
    "precision": 1.0,
    "recall": 1.0,
    "f1-score": 1.0,
    "support": 332,
    "confused_with": {}
  },
  "comment_content": {
    "precision": 0.9803921568627451,
    "recall": 1.0,
    "f1-score": 0.99009900990099,
    "support": 100,
    "confused_with": {}
  },
  "micro avg": {
    "precision": 0.9982964224872232,
    "recall": 1.0,
    "f1-score": 0.9991474850809888,
    "support": 1172
  },
  "macro avg": {
    "precision": 0.9934640522875817,
    "recall": 1.0,
    "f1-score": 0.9966996699669967,
    "support": 1172
  },
  "weighted avg": {
    "precision": 0.9983269758415311,
    "recall": 1.0,
    "f1-score": 0.9991552056229512,
    "support": 1172
  },
  "accuracy": 0.9999647365822696
}